IsEnabled,Text,FileName,Category
"1","Can you recommend design patterns to help simplify and reduce the total number of files?","DesignPattern","General"
"1","Please recommend improved class, method, and variable names to make this application easier to understand.","Rename","Refactor"
"1","Can you identify any code smells in the project and suggest how to fix them?","Code_smell","Refactor"
"1","Are there any other comments or suggestions for this code base? Please generate a **PR-ready refactored version** of the *entire project* with these fixes applied!","Additional","Refactor"
"1","Please provide a complete refactored version to help reduce the overall complexity and use SOLID and DRY design patterns or design principles where possible.","Refactored","Refactor"
"1","Can you provide a sample on how to implement all mentioned TODOs if enough details are present?","TODO","Refactor"
"1","Please suggest any design patterns that should be implemented this code base?","DesignPatterns2","General"
"0","Can you generate a combined version of .editorconfig .roslynatorconfig and into a single file with the most common settings, along with keeping the rules consistent between each different analyzer. i.e., naming, spacing, and document format.","One","Editor"
"1","Are there any hot paths that could be optimized with Span<T>, Memory<T>, or parallelization?","HostPath","Performance"
"0","Is the Qdrant search (e.g., GetContext) using optimal vector dimensionality and filtering (e.g., by category payload index)?","EvectorSearch","Performance"
"0","How can I register a custom plugin (e.g., IQuestionProvider) that injects domain-specific questions (e.g., 'Are we using Microsoft.Extensions.Hosting correctly?')?","RegisterPlugin","Plugin"
"0","Can the FileConfigLoader be extended to load questions from embedded resources or a remote config (e.g., Azure App Configuration)?","ConfigLoader","Plugin"
"1","Please create or modify existing unit tests using xunit and moq for all public methods where applicable.","UnitTest","Testing"
"0","Can you suggest how to better organize based on features the code into namespaces and folders?","Organization","General"
"1","Analyze the following C# code. Generate the appropriate Mermaid diagrams, a sequence diagram, an application flowchart, and class diagrams based on the provided source code.","Diagram","General"
"0","Add support to use Appsettings.json based Serilog to write to log files.","Appsetting","Logging"
"0","Can you add logging to all methods in the project using Serilog?","Logging","Logging"
"0","Can you consolidate all configuration settings into a single appsettings.json file and update the code to read from it?","OneConfig","Refactor"
"0","Can you suggest how to rework program.cs file to be easier to read and maintain?","Program","General"
"0","Can you identify any performance issues in the code and suggest how to fix them?","Performance","Performance"
"0","Can you identify any security vulnerabilities in the code and suggest how to fix them?","Security","Security"
"0","Are their any other comments I should be made aware of?","Other","General"
"0","Can you generate a full .editorconfig?","Editor","Editor"
"0","Please create or modify existing integration tests using xunit and moq for all public methods where applicable.","IntegrationTest","Testing"
"0","Can you create a Readme.md file designed to be used with GitHub?","Readme","General"
"0","Can you provide a list of all classes and methods missing XML documentation comments (i.e., Summary, Param, Example, and Return)? Make each XML value comment less than 120 characters for each class or method where it is missing. Create this information for each class and method as needed.","XML_2","XML"
"1","Are there any other questions I should ask?","other_qu","Other"
"0","How can we use qdrant collection to ask questions against a single file? Are there other uses of qdrant to help improve this application?","Future","Refactor"